question_id,title,topic_primary,url_slug,source_url,base_unweighted_n,base_weighted_n,moe_question_level,is_multiselect,options_count
2025-064a_q4,Have you used artificial intelligence (AI) tools in your work or personal life at all the past month?,AI Adoption Survey June 2025,have-you-used-artificial-intelligence-ai-tools-in-your-work-or-personal-life-at-all-the-past-month,https://reports.verasight.io/reports/ai-adoption-survey-june-2025#have-you-used-artificial-intelligence-ai-tools-in-your-work-or-personal-life-at-all-the-past-month,2000,2000.0000000001182,+/- 2.2%,false,2
2025-064c_q1,"Which of the following activities, if any, have you done in the past month?",AI Adoption Survey August 2025,which-of-the-following-activities-if-any-have-you-done-in-the-past-month,https://reports.verasight.io/reports/august-ai-survey-2025#which-of-the-following-activities-if-any-have-you-done-in-the-past-month,1000,999.9999999999825,+/- 3.1%,true,8
2025-064c_q10,Which of the following AI tools have you used in the last month?,AI Adoption Survey August 2025,which-of-the-following-ai-tools-have-you-used-in-the-last-month,https://reports.verasight.io/reports/august-ai-survey-2025#which-of-the-following-ai-tools-have-you-used-in-the-last-month,1000,999.9999999999825,+/- 3.1%,true,9
2025-064c_q11,"When it comes to your personal life, what types of tasks do you use AI for?",AI Adoption Survey August 2025,when-it-comes-to-your-personal-life-what-types-of-tasks-do-you-use-ai-for,https://reports.verasight.io/reports/august-ai-survey-2025#when-it-comes-to-your-personal-life-what-types-of-tasks-do-you-use-ai-for,1000,999.9999999999825,+/- 3.1%,true,9
2025-064c_q12,Are there any tasks that AI now does for you that you used to do yourself?,AI Adoption Survey August 2025,are-there-any-tasks-that-ai-now-does-for-you-that-you-used-to-do-yourself,https://reports.verasight.io/reports/august-ai-survey-2025#are-there-any-tasks-that-ai-now-does-for-you-that-you-used-to-do-yourself,2000,2000.0000000001182,+/- 2.2%,false,2
2025-064c_q13,Which best describes you?,AI Adoption Survey August 2025,which-best-describes-you,https://reports.verasight.io/reports/august-ai-survey-2025#which-best-describes-you,2000,2000.0000000001182,+/- 2.2%,false,4
2025-064c_q14,When it comes to your physical and mental health what did you use AI for?,AI Adoption Survey August 2025,when-it-comes-to-your-physical-and-mental-health-what-did-you-use-ai-for,https://reports.verasight.io/reports/august-ai-survey-2025#when-it-comes-to-your-physical-and-mental-health-what-did-you-use-ai-for,1000,999.9999999999825,+/- 3.1%,true,9
2025-064c_q15,"Compared with talking to a human you know, how comfortable would you be discussing sensitive personal topics with an AI assistant?",AI Adoption Survey August 2025,compared-with-talking-to-a-human-you-know-how-comfortable-would-you-be-discussing-sensitive-personal-topics-with-an-ai-assistant,https://reports.verasight.io/reports/august-ai-survey-2025#compared-with-talking-to-a-human-you-know-how-comfortable-would-you-be-discussing-sensitive-personal-topics-with-an-ai-assistant,2000,2000.0000000001182,+/- 2.2%,false,6
2025-064c_q16,"If you felt significantly distressed tonight, how likely is it that you would consult an AI assistant before reaching out to a human?",AI Adoption Survey August 2025,if-you-felt-significantly-distressed-tonight-how-likely-is-it-that-you-would-consult-an-ai-assistant-before-reaching-out-to-a-human,https://reports.verasight.io/reports/august-ai-survey-2025#if-you-felt-significantly-distressed-tonight-how-likely-is-it-that-you-would-consult-an-ai-assistant-before-reaching-out-to-a-human,2000,2000.0000000001182,+/- 2.2%,false,5
2025-064c_q17,"Overall, interacting with AI about feelings/mental health has been...",AI Adoption Survey August 2025,overall-interacting-with-ai-about-feelings-mental-health-has-been,https://reports.verasight.io/reports/august-ai-survey-2025#overall-interacting-with-ai-about-feelings-mental-health-has-been,2000,2000.0000000001182,+/- 6.6%,false,6
2025-064c_q18,"Thinking about any AI you use most often, how emotionally attached do you feel to it?",AI Adoption Survey August 2025,thinking-about-any-ai-you-use-most-often-how-emotionally-attached-do-you-feel-to-it,https://reports.verasight.io/reports/august-ai-survey-2025#thinking-about-any-ai-you-use-most-often-how-emotionally-attached-do-you-feel-to-it,2000,2000.0000000001182,+/- 6.6%,false,6
2025-064c_q20,"In the past 30 days, have you",AI Adoption Survey August 2025,in-the-past-30-days-have-you,https://reports.verasight.io/reports/august-ai-survey-2025#in-the-past-30-days-have-you,1000,999.9999999999825,+/- 6.6%,true,7
2025-064c_q21,"If your primary AI assistant that you use for mental health were permanently shut down tomorrow, how would you feel?",AI Adoption Survey August 2025,if-your-primary-ai-assistant-that-you-use-for-mental-health-were-permanently-shut-down-tomorrow-how-would-you-feel,https://reports.verasight.io/reports/august-ai-survey-2025#if-your-primary-ai-assistant-that-you-use-for-mental-health-were-permanently-shut-down-tomorrow-how-would-you-feel,2000,2000.0000000001182,+/- 6.6%,false,6
2025-064c_q22_1,To what extent do you believe your main AI assistant... - Understands you,AI Adoption Survey August 2025,to-what-extent-do-you-believe-your-main-ai-assistant-understands-you,https://reports.verasight.io/reports/august-ai-survey-2025#to-what-extent-do-you-believe-your-main-ai-assistant-understands-you,1000,999.9999999999825,+/- 6.6%,false,5
2025-064c_q22_2,To what extent do you believe your main AI assistant... - Has intentions,AI Adoption Survey August 2025,to-what-extent-do-you-believe-your-main-ai-assistant-has-intentions,https://reports.verasight.io/reports/august-ai-survey-2025#to-what-extent-do-you-believe-your-main-ai-assistant-has-intentions,1000,999.9999999999825,+/- 6.6%,false,5
2025-064c_q22_3,To what extent do you believe your main AI assistant... - Has feelings,AI Adoption Survey August 2025,to-what-extent-do-you-believe-your-main-ai-assistant-has-feelings,https://reports.verasight.io/reports/august-ai-survey-2025#to-what-extent-do-you-believe-your-main-ai-assistant-has-feelings,1000,999.9999999999825,+/- 6.6%,false,5
2025-064c_q22_4,To what extent do you believe your main AI assistant... - Is conscious,AI Adoption Survey August 2025,to-what-extent-do-you-believe-your-main-ai-assistant-is-conscious,https://reports.verasight.io/reports/august-ai-survey-2025#to-what-extent-do-you-believe-your-main-ai-assistant-is-conscious,1000,999.9999999999825,+/- 6.6%,false,5
2025-064c_q22_5,To what extent do you believe your main AI assistant... - Can be morally responsible for its actions,AI Adoption Survey August 2025,to-what-extent-do-you-believe-your-main-ai-assistant-can-be-morally-responsible-for-its-actions,https://reports.verasight.io/reports/august-ai-survey-2025#to-what-extent-do-you-believe-your-main-ai-assistant-can-be-morally-responsible-for-its-actions,1000,999.9999999999825,+/- 6.6%,false,5
2025-064c_q23,Which statement is closest to your view?,AI Adoption Survey August 2025,which-statement-is-closest-to-your-view,https://reports.verasight.io/reports/august-ai-survey-2025#which-statement-is-closest-to-your-view,2000,2000.0000000001182,+/- 2.2%,false,4
2025-064c_q4,Roughly how often do you use AI tools?,AI Adoption Survey August 2025,roughly-how-often-do-you-use-ai-tools,https://reports.verasight.io/reports/august-ai-survey-2025#roughly-how-often-do-you-use-ai-tools,2000,2000.0000000001182,+/- 2.2%,false,6
2025-064c_q5,What are your main reasons for not using AI products today?,AI Adoption Survey August 2025,what-are-your-main-reasons-for-not-using-ai-products-today,https://reports.verasight.io/reports/august-ai-survey-2025#what-are-your-main-reasons-for-not-using-ai-products-today,1000,999.9999999999825,+/- 5.1%,true,8
2025-064c_q6_1,Please indicate how much you agree or disagree with the following: - I’m excited about the possibilities AI brings to my life,AI Adoption Survey August 2025,please-indicate-how-much-you-agree-or-disagree-with-the-following-i-m-excited-about-the-possibilities-ai-brings-to-my-life,https://reports.verasight.io/reports/august-ai-survey-2025#please-indicate-how-much-you-agree-or-disagree-with-the-following-i-m-excited-about-the-possibilities-ai-brings-to-my-life,1000,999.9999999999825,+/- 3.1%,false,5
2025-064c_q6_2,Please indicate how much you agree or disagree with the following: - I’m excited about the possibilities AI brings to my work,AI Adoption Survey August 2025,please-indicate-how-much-you-agree-or-disagree-with-the-following-i-m-excited-about-the-possibilities-ai-brings-to-my-work,https://reports.verasight.io/reports/august-ai-survey-2025#please-indicate-how-much-you-agree-or-disagree-with-the-following-i-m-excited-about-the-possibilities-ai-brings-to-my-work,1000,999.9999999999825,+/- 3.1%,false,5
2025-064c_q6_3,Please indicate how much you agree or disagree with the following: - I feel anxious about the rise of AI,AI Adoption Survey August 2025,please-indicate-how-much-you-agree-or-disagree-with-the-following-i-feel-anxious-about-the-rise-of-ai,https://reports.verasight.io/reports/august-ai-survey-2025#please-indicate-how-much-you-agree-or-disagree-with-the-following-i-feel-anxious-about-the-rise-of-ai,1000,999.9999999999825,+/- 3.1%,false,5
2025-064c_q6_4,Please indicate how much you agree or disagree with the following: - I feel confident I can keep up with changes driven by AI,AI Adoption Survey August 2025,please-indicate-how-much-you-agree-or-disagree-with-the-following-i-feel-confident-i-can-keep-up-with-changes-driven-by-ai,https://reports.verasight.io/reports/august-ai-survey-2025#please-indicate-how-much-you-agree-or-disagree-with-the-following-i-feel-confident-i-can-keep-up-with-changes-driven-by-ai,1000,999.9999999999825,+/- 3.1%,false,5
2025-064c_q6_5,Please indicate how much you agree or disagree with the following: - I feel left behind by AI,AI Adoption Survey August 2025,please-indicate-how-much-you-agree-or-disagree-with-the-following-i-feel-left-behind-by-ai,https://reports.verasight.io/reports/august-ai-survey-2025#please-indicate-how-much-you-agree-or-disagree-with-the-following-i-feel-left-behind-by-ai,1000,999.9999999999825,+/- 3.1%,false,5
2025-064c_q6_6,Please indicate how much you agree or disagree with the following: - I trust tech companies to develop AI responsibly,AI Adoption Survey August 2025,please-indicate-how-much-you-agree-or-disagree-with-the-following-i-trust-tech-companies-to-develop-ai-responsibly,https://reports.verasight.io/reports/august-ai-survey-2025#please-indicate-how-much-you-agree-or-disagree-with-the-following-i-trust-tech-companies-to-develop-ai-responsibly,1000,999.9999999999825,+/- 3.1%,false,5
2025-064c_q7_1,How concerned are you about the following issues surrounding AI? - Environmental impacts of AI-supporting data centers,AI Adoption Survey August 2025,how-concerned-are-you-about-the-following-issues-surrounding-ai-environmental-impacts-of-ai-supporting-data-centers,https://reports.verasight.io/reports/august-ai-survey-2025#how-concerned-are-you-about-the-following-issues-surrounding-ai-environmental-impacts-of-ai-supporting-data-centers,1000,999.9999999999825,+/- 3.1%,false,5
2025-064c_q7_10,How concerned are you about the following issues surrounding AI? - Cyberattacks with AI,AI Adoption Survey August 2025,how-concerned-are-you-about-the-following-issues-surrounding-ai-cyberattacks-with-ai,https://reports.verasight.io/reports/august-ai-survey-2025#how-concerned-are-you-about-the-following-issues-surrounding-ai-cyberattacks-with-ai,1000,999.9999999999825,+/- 3.1%,false,5
2025-064c_q7_11,How concerned are you about the following issues surrounding AI? - Foreign nations winning the AI race,AI Adoption Survey August 2025,how-concerned-are-you-about-the-following-issues-surrounding-ai-foreign-nations-winning-the-ai-race,https://reports.verasight.io/reports/august-ai-survey-2025#how-concerned-are-you-about-the-following-issues-surrounding-ai-foreign-nations-winning-the-ai-race,1000,999.9999999999825,+/- 3.1%,false,5
2025-064c_q7_12,How concerned are you about the following issues surrounding AI? - Humans developing relationships with AI,AI Adoption Survey August 2025,how-concerned-are-you-about-the-following-issues-surrounding-ai-humans-developing-relationships-with-ai,https://reports.verasight.io/reports/august-ai-survey-2025#how-concerned-are-you-about-the-following-issues-surrounding-ai-humans-developing-relationships-with-ai,1000,999.9999999999825,+/- 3.1%,false,5
2025-064c_q7_13,How concerned are you about the following issues surrounding AI? - Other (please specify):,AI Adoption Survey August 2025,how-concerned-are-you-about-the-following-issues-surrounding-ai-other-please-specify,https://reports.verasight.io/reports/august-ai-survey-2025#how-concerned-are-you-about-the-following-issues-surrounding-ai-other-please-specify,1000,999.9999999999825,+/- 3.1%,false,5
2025-064c_q7_2,How concerned are you about the following issues surrounding AI? - Ethical sourcing of AI training data,AI Adoption Survey August 2025,how-concerned-are-you-about-the-following-issues-surrounding-ai-ethical-sourcing-of-ai-training-data,https://reports.verasight.io/reports/august-ai-survey-2025#how-concerned-are-you-about-the-following-issues-surrounding-ai-ethical-sourcing-of-ai-training-data,1000,999.9999999999825,+/- 3.1%,false,5
2025-064c_q7_3,How concerned are you about the following issues surrounding AI? - Misinformation in AI output,AI Adoption Survey August 2025,how-concerned-are-you-about-the-following-issues-surrounding-ai-misinformation-in-ai-output,https://reports.verasight.io/reports/august-ai-survey-2025#how-concerned-are-you-about-the-following-issues-surrounding-ai-misinformation-in-ai-output,1000,999.9999999999825,+/- 3.1%,false,5
2025-064c_q7_4,How concerned are you about the following issues surrounding AI? - Bias in AI model training and output,AI Adoption Survey August 2025,how-concerned-are-you-about-the-following-issues-surrounding-ai-bias-in-ai-model-training-and-output,https://reports.verasight.io/reports/august-ai-survey-2025#how-concerned-are-you-about-the-following-issues-surrounding-ai-bias-in-ai-model-training-and-output,1000,999.9999999999825,+/- 3.1%,false,5
2025-064c_q7_5,How concerned are you about the following issues surrounding AI? - Regulation of AI development and use,AI Adoption Survey August 2025,how-concerned-are-you-about-the-following-issues-surrounding-ai-regulation-of-ai-development-and-use,https://reports.verasight.io/reports/august-ai-survey-2025#how-concerned-are-you-about-the-following-issues-surrounding-ai-regulation-of-ai-development-and-use,1000,999.9999999999825,+/- 3.1%,false,5
2025-064c_q7_6,How concerned are you about the following issues surrounding AI? - AI taking away jobs from humans,AI Adoption Survey August 2025,how-concerned-are-you-about-the-following-issues-surrounding-ai-ai-taking-away-jobs-from-humans,https://reports.verasight.io/reports/august-ai-survey-2025#how-concerned-are-you-about-the-following-issues-surrounding-ai-ai-taking-away-jobs-from-humans,1000,999.9999999999825,+/- 3.1%,false,5
2025-064c_q7_7,How concerned are you about the following issues surrounding AI? - Loss of human creativity and interaction,AI Adoption Survey August 2025,how-concerned-are-you-about-the-following-issues-surrounding-ai-loss-of-human-creativity-and-interaction,https://reports.verasight.io/reports/august-ai-survey-2025#how-concerned-are-you-about-the-following-issues-surrounding-ai-loss-of-human-creativity-and-interaction,1000,999.9999999999825,+/- 3.1%,false,5
2025-064c_q7_8,How concerned are you about the following issues surrounding AI? - Loss of human oversight in AI use,AI Adoption Survey August 2025,how-concerned-are-you-about-the-following-issues-surrounding-ai-loss-of-human-oversight-in-ai-use,https://reports.verasight.io/reports/august-ai-survey-2025#how-concerned-are-you-about-the-following-issues-surrounding-ai-loss-of-human-oversight-in-ai-use,1000,999.9999999999825,+/- 3.1%,false,5
2025-064c_q7_9,How concerned are you about the following issues surrounding AI? - AI dominating humans,AI Adoption Survey August 2025,how-concerned-are-you-about-the-following-issues-surrounding-ai-ai-dominating-humans,https://reports.verasight.io/reports/august-ai-survey-2025#how-concerned-are-you-about-the-following-issues-surrounding-ai-ai-dominating-humans,1000,999.9999999999825,+/- 3.1%,false,5
2025-064c_q8,"In the long run, do you think the use of AI in the workplace will lead to…",AI Adoption Survey August 2025,in-the-long-run-do-you-think-the-use-of-ai-in-the-workplace-will-lead-to,https://reports.verasight.io/reports/august-ai-survey-2025#in-the-long-run-do-you-think-the-use-of-ai-in-the-workplace-will-lead-to,2000,2000.0000000001182,+/- 2.2%,false,3
2025-064c_q9,Which of the following AI tools have you heard of?,AI Adoption Survey August 2025,which-of-the-following-ai-tools-have-you-heard-of,https://reports.verasight.io/reports/august-ai-survey-2025#which-of-the-following-ai-tools-have-you-heard-of,1000,999.9999999999825,+/- 3.1%,true,9
2025-183_q1,Who will win album of the year at the Grammys?,Pop Culture,who-will-win-album-of-the-year-at-the-grammys,https://reports.verasight.io/reports/2026-predictions#q-1,2000,2000.0000000001182,+/- 2.2%,false,9
2025-183_q10,Which of the following best describes Kendrick Lamar’s role in American popular culture today?,Pop Culture,which-of-the-following-best-describes-kendrick-lamar-s-role-in-american-popular-culture-today,https://reports.verasight.io/reports/2026-predictions#q-10,2000,2000.0000000001182,+/- 2.2%,false,5
2025-183_q13,Which party will win the most seats in the U.S. House of Representatives after the November 2026 midterm elections?,Pop Culture,which-party-will-win-the-most-seats-in-the-u-s-house-of-representatives-after-the-november-2026-midterm-elections,https://reports.verasight.io/reports/2026-predictions#q-13,2000,2000.0000000001182,+/- 2.2%,false,2
2025-183_q14,How confident are you that your income or savings will keep up with rising prices in 2026?,Pop Culture,how-confident-are-you-that-your-income-or-savings-will-keep-up-with-rising-prices-in-2026,https://reports.verasight.io/reports/2026-predictions#q-14,2000,2000.0000000001182,+/- 2.2%,false,4
2025-183_q15,"When you think about 2026 overall, which best describes your outlook?",Pop Culture,when-you-think-about-2026-overall-which-best-describes-your-outlook,https://reports.verasight.io/reports/2026-predictions#q-15,2000,2000.0000000001182,+/- 2.2%,false,5
2025-183_q16,"Thinking about 2026, do you expect the prices of everyday goods (like groceries and household items) to generally…",Pop Culture,thinking-about-2026-do-you-expect-the-prices-of-everyday-goods-like-groceries-and-household-items-to-generally,https://reports.verasight.io/reports/2026-predictions#q-16,2000,2000.0000000001182,+/- 2.2%,false,4
2025-183_q17,How likely do you think it is that the war in Ukraine will end in 2026?,Pop Culture,how-likely-do-you-think-it-is-that-the-war-in-ukraine-will-end-in-2026,https://reports.verasight.io/reports/2026-predictions#q-17,2000,2000.0000000001182,+/- 2.2%,false,5
2025-183_q18,Which of the following do you think is most likely to happen with regards to the Israel-Palestine conflict in 2026?,Pop Culture,which-of-the-following-do-you-think-is-most-likely-to-happen-with-regards-to-the-israel-palestine-conflict-in-2026,https://reports.verasight.io/reports/2026-predictions#q-18,2000,2000.0000000001182,+/- 2.2%,false,5
2025-183_q19,"In 2026, do you expect the current boom in artificial intelligence (AI) to continue or crash?",Pop Culture,in-2026-do-you-expect-the-current-boom-in-artificial-intelligence-ai-to-continue-or-crash,https://reports.verasight.io/reports/2026-predictions#q-19,2000,2000.0000000001182,+/- 2.2%,false,3
2025-183_q2,Will Taylor Swift drop an album in 2026?,Pop Culture,will-taylor-swift-drop-an-album-in-2026,https://reports.verasight.io/reports/2026-predictions#q-2,2000,2000.0000000001182,+/- 2.2%,false,2
2025-183_q3,Will Taylor Swift and Travis Kelce become pregnant in 2026?,Pop Culture,will-taylor-swift-and-travis-kelce-become-pregnant-in-2026,https://reports.verasight.io/reports/2026-predictions#q-3,2000,2000.0000000001182,+/- 2.2%,false,2
2025-183_q38,"If you were no longer able to chat with an AI chatbot, would you have someone else to talk to about your mental health?",Pop Culture,if-you-were-no-longer-able-to-chat-with-an-ai-chatbot-would-you-have-someone-else-to-talk-to-about-your-mental-health,https://reports.verasight.io/reports/2026-predictions#q-38,2000,2000.0000000001182,+/- 6.6%,false,4
2025-183_q4,What genre will Beyonce’s next album be?,Pop Culture,what-genre-will-beyonce-s-next-album-be,https://reports.verasight.io/reports/2026-predictions#q-4,2000,2000.0000000001182,+/- 2.2%,false,7
2025-183_q43,"Compared to 2025, how do you expect your personal financial situation to change in 2026?",Pop Culture,compared-to-2025-how-do-you-expect-your-personal-financial-situation-to-change-in-2026,https://reports.verasight.io/reports/2026-predictions#q-43,2000,2000.0000000001182,+/- 2.2%,false,4
2025-183_q44,"To what extent, if at all, are you concerned about AI taking your job in 2026?",Pop Culture,to-what-extent-if-at-all-are-you-concerned-about-ai-taking-your-job-in-2026,https://reports.verasight.io/reports/2026-predictions#q-44,2000,2000.0000000001182,+/- 2.2%,false,4
2025-183_q45_1,- Go to the movies,Predictions,go-to-the-movies,https://reports.verasight.io/reports/2026-predictions#q-1,1000,1000.0000000000425,+/- 3.1%,false,4
2025-183_q45_10,- Watch live television,Predictions,watch-live-television,https://reports.verasight.io/reports/2026-predictions#q-10,1000,1000.0000000000425,+/- 3.1%,false,4
2025-183_q45_11,- Use social media,Predictions,use-social-media,https://reports.verasight.io/reports/2026-predictions#q-11,1000,1000.0000000000425,+/- 3.1%,false,4
2025-183_q45_12,- Spend time outdoors,Predictions,spend-time-outdoors,https://reports.verasight.io/reports/2026-predictions#q-12,1000,1000.0000000000425,+/- 3.1%,false,4
2025-183_q45_2,- Use AI,Predictions,use-ai,https://reports.verasight.io/reports/2026-predictions#q-2,1000,1000.0000000000425,+/- 3.1%,false,4
2025-183_q45_3,- Go to a sit-down restaurant,Predictions,go-to-a-sit-down-restaurant,https://reports.verasight.io/reports/2026-predictions#q-3,1000,1000.0000000000425,+/- 3.1%,false,4
2025-183_q45_4,- Go on vacation,Predictions,go-on-vacation,https://reports.verasight.io/reports/2026-predictions#q-4,1000,1000.0000000000425,+/- 3.1%,false,4
2025-183_q45_5,- Shop online,Predictions,shop-online,https://reports.verasight.io/reports/2026-predictions#q-5,1000,1000.0000000000425,+/- 3.1%,false,4
2025-183_q45_6,- Shop in physical stores,Predictions,shop-in-physical-stores,https://reports.verasight.io/reports/2026-predictions#q-6,1000,1000.0000000000425,+/- 3.1%,false,4
2025-183_q45_7,- Order food delivery,Predictions,order-food-delivery,https://reports.verasight.io/reports/2026-predictions#q-7,1000,1000.0000000000425,+/- 3.1%,false,4
2025-183_q45_8,"- Take a rideshare (e.g., Uber or Lyft)",Predictions,take-a-rideshare-e-g-uber-or-lyft,https://reports.verasight.io/reports/2026-predictions#q-8,1000,1000.0000000000425,+/- 3.1%,false,4
2025-183_q45_9,- Take public transportation,Predictions,take-public-transportation,https://reports.verasight.io/reports/2026-predictions#q-9,1000,1000.0000000000425,+/- 3.1%,false,4
2025-183_q46,"Looking ahead to next year, do you expect the balance of your non-mortgage debt (e.g., credit cards, student loans, auto loans, personal loans) to increase or decrease?",Pop Culture,looking-ahead-to-next-year-do-you-expect-the-balance-of-your-non-mortgage-debt-e-g-credit-cards-student-loans-auto-loans-personal-loans-to-increase-or-decrease,https://reports.verasight.io/reports/2026-predictions#q-46,2000,2000.0000000001182,+/- 2.2%,false,4
2025-183_q47,"Have you considered using a GLP-1 medication to lose weight (e.g., Ozempic, Wegovy, etc)?",Pop Culture,have-you-considered-using-a-glp-1-medication-to-lose-weight-e-g-ozempic-wegovy-etc,https://reports.verasight.io/reports/2026-predictions#q-47,2000,2000.0000000001182,+/- 2.2%,false,4
2025-183_q48,"What, if anything, has prevented you from using a GLP-1 medication?",Predictions,what-if-anything-has-prevented-you-from-using-a-glp-1-medication,https://reports.verasight.io/reports/2026-predictions#q-48,1000,1000.0000000000425,+/- 6.4%,true,10
2025-183_q49,Do you believe using a GLP-1 medication for weight management is “cheating”?,Pop Culture,do-you-believe-using-a-glp-1-medication-for-weight-management-is-cheating,https://reports.verasight.io/reports/2026-predictions#q-49,2000,2000.0000000001182,+/- 2.2%,false,3
2025-183_q5,Who will win the World Cup?,Pop Culture,who-will-win-the-world-cup,https://reports.verasight.io/reports/2026-predictions#q-5,2000,2000.0000000001182,+/- 2.2%,false,42
2025-183_q50,How would you describe your current weight?,Pop Culture,how-would-you-describe-your-current-weight,https://reports.verasight.io/reports/2026-predictions#q-50,2000,2000.0000000001182,+/- 2.2%,false,5
2025-183_q51,"Looking ahead to next year, do you think political violence in the United States will [Field-pv1_text], stay the same, or [Field-pv2_text]?",Pop Culture,looking-ahead-to-next-year-do-you-think-political-violence-in-the-united-states-will-field-pv1-text-stay-the-same-or-field-pv2-text,https://reports.verasight.io/reports/2026-predictions#q-51,2000,2000.0000000001182,+/- 2.2%,false,3
2025-183_q6,"Which of the following celebrity couples, if any, do you predict will break up in 2026?",Pop Culture,which-of-the-following-celebrity-couples-if-any-do-you-predict-will-break-up-in-2026,https://reports.verasight.io/reports/2026-predictions#q-6,2000,2000.0000000001182,+/- 2.2%,true,8
2025-183_q7,Do you think Rihanna will finally release an album in 2026?,Pop Culture,do-you-think-rihanna-will-finally-release-an-album-in-2026,https://reports.verasight.io/reports/2026-predictions#q-7,2000,2000.0000000001182,+/- 2.2%,false,3
2025-183_q8,Which team do you think will win the 2026 Super Bowl?,Pop Culture,which-team-do-you-think-will-win-the-2026-super-bowl,https://reports.verasight.io/reports/2026-predictions#q-8,2000,2000.0000000001182,+/- 2.2%,false,16
2025-183_q9_1,- Avengers: Doomsday,Pop Culture,avengers-doomsday,https://reports.verasight.io/reports/2026-predictions#q-1,2000,2000.0000000001182,+/- 2.2%,false,4
2025-183_q9_10,- The Hunger Games: Sunrise on the Reaping,Pop Culture,the-hunger-games-sunrise-on-the-reaping,https://reports.verasight.io/reports/2026-predictions#q-10,2000,2000.0000000001182,+/- 2.2%,false,4
2025-183_q9_2,- Toy Story 5,Pop Culture,toy-story-5,https://reports.verasight.io/reports/2026-predictions#q-2,2000,2000.0000000001182,+/- 2.2%,false,4
2025-183_q9_3,- Moana (live-action),Pop Culture,moana-live-action,https://reports.verasight.io/reports/2026-predictions#q-3,2000,2000.0000000001182,+/- 2.2%,false,4
2025-183_q9_4,- Spider-Man: Brand New Day,Pop Culture,spider-man-brand-new-day,https://reports.verasight.io/reports/2026-predictions#q-4,2000,2000.0000000001182,+/- 2.2%,false,4
2025-183_q9_5,- Supergirl,Pop Culture,supergirl,https://reports.verasight.io/reports/2026-predictions#q-5,2000,2000.0000000001182,+/- 2.2%,false,4
2025-183_q9_6,- Dune: Part Three,Pop Culture,dune-part-three,https://reports.verasight.io/reports/2026-predictions#q-6,2000,2000.0000000001182,+/- 2.2%,false,4
2025-183_q9_7,- Project Hail Mary,Pop Culture,project-hail-mary,https://reports.verasight.io/reports/2026-predictions#q-7,2000,2000.0000000001182,+/- 2.2%,false,4
2025-183_q9_8,- Scream 7,Pop Culture,scream-7,https://reports.verasight.io/reports/2026-predictions#q-8,2000,2000.0000000001182,+/- 2.2%,false,4
2025-183_q9_9,- The Devil Wears Prada 2,Pop Culture,the-devil-wears-prada-2,https://reports.verasight.io/reports/2026-predictions#q-9,2000,2000.0000000001182,+/- 2.2%,false,4
